mandt,bukrs,gsber,kokrs,operation_flag,is_deleted,recordstamp
100,MCA1,,MCA,I,False,2022-04-21 15:26:32.980238+00:00
100,MCA2,,MCA,I,False,2022-04-21 15:26:32.980238+00:00
100,MCA3,,MCA,I,False,2022-04-21 15:26:32.980238+00:00
100,MCA4,,MCA,I,False,2022-04-21 15:26:32.980238+00:00
100,0001,,0001,I,False,2022-04-21 15:26:32.980238+00:00
100,0MB1,,0MB1,I,False,2022-04-21 15:26:32.980238+00:00
100,AE01,,AE01,I,False,2022-04-21 15:26:32.980238+00:00
100,BE01,,BE01,I,False,2022-04-21 15:26:32.980238+00:00
100,C001,,C001,I,False,2022-04-21 15:26:32.980238+00:00
100,C002,,C001,I,False,2022-04-21 15:26:32.980238+00:00
100,C003,,C001,I,False,2022-04-21 15:26:32.980238+00:00
100,C004,,C001,I,False,2022-04-21 15:26:32.980238+00:00
100,C005,,C001,I,False,2022-04-21 15:26:32.980238+00:00
100,CA01,,CA01,I,False,2022-04-21 15:26:32.980238+00:00
100,CH01,,CH01,I,False,2022-04-21 15:26:32.980238+00:00
100,CN01,,CN01,I,False,2022-04-21 15:26:32.980238+00:00
100,CO01,,CO01,I,False,2022-04-21 15:26:32.980238+00:00
100,CRTX,,CRTX,I,False,2022-04-21 15:26:32.980238+00:00
100,CZ01,,CZ01,I,False,2022-04-21 15:26:32.980238+00:00
100,DE01,,DE01,I,False,2022-04-21 15:26:32.980238+00:00
100,DE02,,DE02,I,False,2022-04-21 15:26:32.980238+00:00
100,ES01,,ES01,I,False,2022-04-21 15:26:32.980238+00:00
100,FI01,,FI01,I,False,2022-04-21 15:26:32.980238+00:00
100,FR01,,FR01,I,False,2022-04-21 15:26:32.980238+00:00
100,HU01,,HU01,I,False,2022-04-21 15:26:32.980238+00:00
100,IN01,,IN01,I,False,2022-04-21 15:26:32.980238+00:00
100,JP01,,JP01,I,False,2022-04-21 15:26:32.980238+00:00
100,KR01,,KR01,I,False,2022-04-21 15:26:32.980238+00:00
100,KZ01,,KZ01,I,False,2022-04-21 15:26:32.980238+00:00
100,NO01,,NO01,I,False,2022-04-21 15:26:32.980238+00:00
100,PE01,,PE01,I,False,2022-04-21 15:26:32.980238+00:00
100,PL01,,PL01,I,False,2022-04-21 15:26:32.980238+00:00
100,PT01,,PT01,I,False,2022-04-21 15:26:32.980238+00:00
100,RECO,,RECO,I,False,2022-04-21 15:26:32.980238+00:00
100,REOB,,REOB,I,False,2022-04-21 15:26:32.980238+00:00
100,RERF,,RERF,I,False,2022-04-21 15:26:32.980238+00:00
100,RU01,,RU01,I,False,2022-04-21 15:26:32.980238+00:00
100,SE01,,SE01,I,False,2022-04-21 15:26:32.980238+00:00
100,SG01,,SG01,I,False,2022-04-21 15:26:32.980238+00:00
100,SK01,,SK01,I,False,2022-04-21 15:26:32.980238+00:00
100,TR01,,TR01,I,False,2022-04-21 15:26:32.980238+00:00
100,TW01,,TW01,I,False,2022-04-21 15:26:32.980238+00:00
100,UA01,,UA01,I,False,2022-04-21 15:26:32.980238+00:00
100,US01,,US01,I,False,2022-04-21 15:26:32.980238+00:00
800,CPBV,,CP,I,False,2021-03-31 05:20:39.366493+00:00
800,CPFO,,CP,I,False,2021-03-31 05:20:39.366493+00:00
800,0001,,0001,I,False,2021-03-31 05:20:39.366493+00:00
800,0007,,1000,I,False,2021-03-31 05:20:39.366493+00:00
800,AC00,,1000,I,False,2021-03-31 05:20:39.366493+00:00
800,AC03,,1000,I,False,2021-03-31 05:20:39.366493+00:00
800,CABB,,1000,I,False,2021-03-31 05:20:39.366493+00:00
800,2700,,1000,I,False,2021-03-31 05:20:39.366493+00:00
800,AC10,,1000,I,False,2021-03-31 05:20:39.366493+00:00
800,AC27,,1000,I,False,2021-03-31 05:20:39.366493+00:00
800,0005,,1000,I,False,2021-03-31 05:20:39.366493+00:00
800,AC14,,1000,I,False,2021-03-31 05:20:39.366493+00:00
800,2300,,1000,I,False,2021-03-31 05:20:39.366493+00:00
800,AC05,,1000,I,False,2021-03-31 05:20:39.366493+00:00
800,AC23,,1000,I,False,2021-03-31 05:20:39.366493+00:00
800,1005,,1000,I,False,2021-03-31 05:20:39.366493+00:00
800,AC06,,1000,I,False,2021-03-31 05:20:39.366493+00:00
800,2400,,1000,I,False,2021-03-31 05:20:39.366493+00:00
800,AC09,,1000,I,False,2021-03-31 05:20:39.366493+00:00
800,AC07,,1000,I,False,2021-03-31 05:20:39.366493+00:00
800,AC25,,1000,I,False,2021-03-31 05:20:39.366493+00:00
800,AC08,,1000,I,False,2021-03-31 05:20:39.366493+00:00
800,AC18,,1000,I,False,2021-03-31 05:20:39.366493+00:00
800,AC24,,1000,I,False,2021-03-31 05:20:39.366493+00:00
800,AC04,,1000,I,False,2021-03-31 05:20:39.366493+00:00
800,AC13,,1000,I,False,2021-03-31 05:20:39.366493+00:00
800,AC30,,1000,I,False,2021-03-31 05:20:39.366493+00:00
800,2000,,1000,I,False,2021-03-31 05:20:39.366493+00:00
800,AC20,,1000,I,False,2021-03-31 05:20:39.366493+00:00
800,AC02,,1000,I,False,2021-03-31 05:20:39.366493+00:00
800,AC26,,1000,I,False,2021-03-31 05:20:39.366493+00:00
800,AC01,,1000,I,False,2021-03-31 05:20:39.366493+00:00
800,AC17,,1000,I,False,2021-03-31 05:20:39.366493+00:00
800,2100,,1000,I,False,2021-03-31 05:20:39.366493+00:00
800,1000,,1000,I,False,2021-03-31 05:20:39.366493+00:00
800,2900,,1000,I,False,2021-03-31 05:20:39.366493+00:00
800,AC22,,1000,I,False,2021-03-31 05:20:39.366493+00:00
800,2500,,1000,I,False,2021-03-31 05:20:39.366493+00:00
800,AC15,,1000,I,False,2021-03-31 05:20:39.366493+00:00
800,AC12,,1000,I,False,2021-03-31 05:20:39.366493+00:00
800,AC21,,1000,I,False,2021-03-31 05:20:39.366493+00:00
800,AC19,,1000,I,False,2021-03-31 05:20:39.366493+00:00
800,AC11,,1000,I,False,2021-03-31 05:20:39.366493+00:00
800,AC16,,1000,I,False,2021-03-31 05:20:39.366493+00:00
800,AC29,,1000,I,False,2021-03-31 05:20:39.366493+00:00
800,AC28,,1000,I,False,2021-03-31 05:20:39.366493+00:00
800,3010,,2000,I,False,2021-03-31 05:20:39.366493+00:00
800,SL01,,2000,I,False,2021-03-31 05:20:39.366493+00:00
800,4000,,2000,I,False,2021-03-31 05:20:39.366493+00:00
800,0006,,2000,I,False,2021-03-31 05:20:39.366493+00:00
800,0008,,2000,I,False,2021-03-31 05:20:39.366493+00:00
800,3050,,2000,I,False,2021-03-31 05:20:39.366493+00:00
800,3000,,2000,I,False,2021-03-31 05:20:39.366493+00:00
800,3005,,2000,I,False,2021-03-31 05:20:39.366493+00:00
800,2200,,2200,I,False,2021-03-31 05:20:39.366493+00:00
800,2201,,2200,I,False,2021-03-31 05:20:39.366493+00:00
800,2600,,2600,I,False,2021-03-31 05:20:39.366493+00:00
800,2800,,2800,I,False,2021-03-31 05:20:39.366493+00:00
800,2820,,2801,I,False,2021-03-31 05:20:39.366493+00:00
800,2821,,2801,I,False,2021-03-31 05:20:39.366493+00:00
800,4100,,4100,I,False,2021-03-31 05:20:39.366493+00:00
800,4200,,4200,I,False,2021-03-31 05:20:39.366493+00:00
800,4300,,4300,I,False,2021-03-31 05:20:39.366493+00:00
800,4400,,4400,I,False,2021-03-31 05:20:39.366493+00:00
800,4510,,4500,I,False,2021-03-31 05:20:39.366493+00:00
800,4520,,4500,I,False,2021-03-31 05:20:39.366493+00:00
800,4500,,4500,I,False,2021-03-31 05:20:39.366493+00:00
800,4600,,4600,I,False,2021-03-31 05:20:39.366493+00:00
800,4700,,4700,I,False,2021-03-31 05:20:39.366493+00:00
800,4800,,4800,I,False,2021-03-31 05:20:39.366493+00:00
800,5000,,5000,I,False,2021-03-31 05:20:39.366493+00:00
800,5100,,5100,I,False,2021-03-31 05:20:39.366493+00:00
800,5400,,5400,I,False,2021-03-31 05:20:39.366493+00:00
800,5401,,5400,I,False,2021-03-31 05:20:39.366493+00:00
800,5500,,5500,I,False,2021-03-31 05:20:39.366493+00:00
800,5501,,5500,I,False,2021-03-31 05:20:39.366493+00:00
800,5502,,5500,I,False,2021-03-31 05:20:39.366493+00:00
800,5506,,5500,I,False,2021-03-31 05:20:39.366493+00:00
800,5503,,5500,I,False,2021-03-31 05:20:39.366493+00:00
800,5505,,5500,I,False,2021-03-31 05:20:39.366493+00:00
800,5504,,5500,I,False,2021-03-31 05:20:39.366493+00:00
800,6000,,6000,I,False,2021-03-31 05:20:39.366493+00:00
800,6001,,6001,I,False,2021-03-31 05:20:39.366493+00:00
800,6003,,6001,I,False,2021-03-31 05:20:39.366493+00:00
800,6002,,6001,I,False,2021-03-31 05:20:39.366493+00:00
800,6650,,6650,I,False,2021-03-31 05:20:39.366493+00:00
800,6710,,6700,I,False,2021-03-31 05:20:39.366493+00:00
800,6700,,6700,I,False,2021-03-31 05:20:39.366493+00:00
800,6701,,6700,I,False,2021-03-31 05:20:39.366493+00:00
800,6720,,6720,I,False,2021-03-31 05:20:39.366493+00:00
800,6750,,6750,I,False,2021-03-31 05:20:39.366493+00:00
800,7003,,7000,I,False,2021-03-31 05:20:39.366493+00:00
800,7001,,7000,I,False,2021-03-31 05:20:39.366493+00:00
800,7000,,7000,I,False,2021-03-31 05:20:39.366493+00:00
800,7550,,7500,I,False,2021-03-31 05:20:39.366493+00:00
800,7500,,7500,I,False,2021-03-31 05:20:39.366493+00:00
800,7540,,7500,I,False,2021-03-31 05:20:39.366493+00:00
800,7600,,7600,I,False,2021-03-31 05:20:39.366493+00:00
800,7700,,7700,I,False,2021-03-31 05:20:39.366493+00:00
800,7800,,7800,I,False,2021-03-31 05:20:39.366493+00:00
800,8000,,8000,I,False,2021-03-31 05:20:39.366493+00:00
800,8520,,8500,I,False,2021-03-31 05:20:39.366493+00:00
800,8530,,8500,I,False,2021-03-31 05:20:39.366493+00:00
800,8580,,8500,I,False,2021-03-31 05:20:39.366493+00:00
800,8500,,8500,I,False,2021-03-31 05:20:39.366493+00:00
800,8590,,8500,I,False,2021-03-31 05:20:39.366493+00:00
800,9000,,9000,I,False,2021-03-31 05:20:39.366493+00:00
800,9100,,9100,I,False,2021-03-31 05:20:39.366493+00:00
800,9200,,9200,I,False,2021-03-31 05:20:39.366493+00:00
800,9300,,9300,I,False,2021-03-31 05:20:39.366493+00:00
800,9400,,9400,I,False,2021-03-31 05:20:39.366493+00:00
800,9500,,9500,I,False,2021-03-31 05:20:39.366493+00:00
800,9600,,9600,I,False,2021-03-31 05:20:39.366493+00:00
800,9700,,9700,I,False,2021-03-31 05:20:39.366493+00:00
800,9800,,9800,I,False,2021-03-31 05:20:39.366493+00:00
800,9900,,9900,I,False,2021-03-31 05:20:39.366493+00:00
800,9950,,9950,I,False,2021-03-31 05:20:39.366493+00:00
800,AT01,,AT01,I,False,2021-03-31 05:20:39.366493+00:00
800,CC01,,CA01,I,False,2021-03-31 05:20:39.366493+00:00
800,CC02,,CA02,I,False,2021-03-31 05:20:39.366493+00:00
800,CH01,,CH01,I,False,2021-03-31 05:20:39.366493+00:00
800,F100,,F100,I,False,2021-03-31 05:20:39.366493+00:00
800,F220,,F220,I,False,2021-03-31 05:20:39.366493+00:00
800,F300,,F300,I,False,2021-03-31 05:20:39.366493+00:00
800,FARR,,FARR,I,False,2021-03-31 05:20:39.366493+00:00
800,2222,,PA22,I,False,2021-03-31 05:20:39.366493+00:00
800,RP22,,PA22,I,False,2021-03-31 05:20:39.366493+00:00
800,2224,,PA22,I,False,2021-03-31 05:20:39.366493+00:00
800,2223,,PA22,I,False,2021-03-31 05:20:39.366493+00:00
800,PS01,,PS01,I,False,2021-03-31 05:20:39.366493+00:00
800,R100,,R100,I,False,2021-03-31 05:20:39.366493+00:00
800,R300,,R300,I,False,2021-03-31 05:20:39.366493+00:00
800,S300,,S300,I,False,2021-03-31 05:20:39.366493+00:00
800,S330,,S330,I,False,2021-03-31 05:20:39.366493+00:00
800,SE01,,SE01,I,False,2021-03-31 05:20:39.366493+00:00
800,XCOD,,XCOD,I,False,2021-03-31 05:20:39.366493+00:00
800,Y001,,Y001,I,False,2021-03-31 05:20:39.366493+00:00
000,,,,L,False,2022-01-31 20:43:56.215684+00:00
001,,,,L,False,2022-01-31 20:43:56.215684+00:00
000,MCA1,,MCA,L,False,2022-01-31 20:43:56.215684+00:00
000,MCA2,,MCA,L,False,2022-01-31 20:43:56.215684+00:00
000,MCA3,,MCA,L,False,2022-01-31 20:43:56.215684+00:00
000,MCA4,,MCA,L,False,2022-01-31 20:43:56.215684+00:00
001,MCA1,,MCA,L,False,2022-01-31 20:43:56.215684+00:00
001,MCA2,,MCA,L,False,2022-01-31 20:43:56.215684+00:00
001,MCA3,,MCA,L,False,2022-01-31 20:43:56.215684+00:00
001,MCA4,,MCA,L,False,2022-01-31 20:43:56.215684+00:00
050,MCA1,,MCA,L,False,2022-01-31 20:43:56.215684+00:00
050,MCA2,,MCA,L,False,2022-01-31 20:43:56.215684+00:00
050,MCA3,,MCA,L,False,2022-01-31 20:43:56.215684+00:00
050,MCA4,,MCA,L,False,2022-01-31 20:43:56.215684+00:00
100,MCA1,,MCA,L,False,2022-01-31 20:43:56.215684+00:00
100,MCA2,,MCA,L,False,2022-01-31 20:43:56.215684+00:00
100,MCA3,,MCA,L,False,2022-01-31 20:43:56.215684+00:00
100,MCA4,,MCA,L,False,2022-01-31 20:43:56.215684+00:00
200,MCA1,,MCA,L,False,2022-01-31 20:43:56.215684+00:00
200,MCA2,,MCA,L,False,2022-01-31 20:43:56.215684+00:00
200,MCA3,,MCA,L,False,2022-01-31 20:43:56.215684+00:00
200,MCA4,,MCA,L,False,2022-01-31 20:43:56.215684+00:00
250,MCA1,,MCA,L,False,2022-01-31 20:43:56.215684+00:00
250,MCA2,,MCA,L,False,2022-01-31 20:43:56.215684+00:00
250,MCA3,,MCA,L,False,2022-01-31 20:43:56.215684+00:00
250,MCA4,,MCA,L,False,2022-01-31 20:43:56.215684+00:00
000,0001,,0001,L,False,2022-01-31 20:43:56.215684+00:00
001,0001,,0001,L,False,2022-01-31 20:43:56.215684+00:00
050,0001,,0001,L,False,2022-01-31 20:43:56.215684+00:00
100,0001,,0001,L,False,2022-01-31 20:43:56.215684+00:00
200,0001,,0001,L,False,2022-01-31 20:43:56.215684+00:00
250,0001,,0001,L,False,2022-01-31 20:43:56.215684+00:00
000,0MB1,,0MB1,L,False,2022-01-31 20:43:56.215684+00:00
001,0MB1,,0MB1,L,False,2022-01-31 20:43:56.215684+00:00
050,0MB1,,0MB1,L,False,2022-01-31 20:43:56.215684+00:00
100,0MB1,,0MB1,L,False,2022-01-31 20:43:56.215684+00:00
200,0MB1,,0MB1,L,False,2022-01-31 20:43:56.215684+00:00
250,0MB1,,0MB1,L,False,2022-01-31 20:43:56.215684+00:00
000,AE01,,AE01,L,False,2022-01-31 20:43:56.215684+00:00
001,AE01,,AE01,L,False,2022-01-31 20:43:56.215684+00:00
050,AE01,,AE01,L,False,2022-01-31 20:43:56.215684+00:00
100,AE01,,AE01,L,False,2022-01-31 20:43:56.215684+00:00
200,AE01,,AE01,L,False,2022-01-31 20:43:56.215684+00:00
250,AE01,,AE01,L,False,2022-01-31 20:43:56.215684+00:00
000,BE01,,BE01,L,False,2022-01-31 20:43:56.215684+00:00
001,BE01,,BE01,L,False,2022-01-31 20:43:56.215684+00:00
050,BE01,,BE01,L,False,2022-01-31 20:43:56.215684+00:00
100,BE01,,BE01,L,False,2022-01-31 20:43:56.215684+00:00
200,BE01,,BE01,L,False,2022-01-31 20:43:56.215684+00:00
250,BE01,,BE01,L,False,2022-01-31 20:43:56.215684+00:00
050,C001,,C001,L,False,2022-01-31 20:43:56.215684+00:00
050,C002,,C001,L,False,2022-01-31 20:43:56.215684+00:00
050,C003,,C001,L,False,2022-01-31 20:43:56.215684+00:00
050,C004,,C001,L,False,2022-01-31 20:43:56.215684+00:00
050,C005,,C001,L,False,2022-01-31 20:43:56.215684+00:00
000,CA01,,CA01,L,False,2022-01-31 20:43:56.215684+00:00
001,CA01,,CA01,L,False,2022-01-31 20:43:56.215684+00:00
050,CA01,,CA01,L,False,2022-01-31 20:43:56.215684+00:00
100,CA01,,CA01,L,False,2022-01-31 20:43:56.215684+00:00
200,CA01,,CA01,L,False,2022-01-31 20:43:56.215684+00:00
250,CA01,,CA01,L,False,2022-01-31 20:43:56.215684+00:00
000,CH01,,CH01,L,False,2022-01-31 20:43:56.215684+00:00
001,CH01,,CH01,L,False,2022-01-31 20:43:56.215684+00:00
050,CH01,,CH01,L,False,2022-01-31 20:43:56.215684+00:00
100,CH01,,CH01,L,False,2022-01-31 20:43:56.215684+00:00
200,CH01,,CH01,L,False,2022-01-31 20:43:56.215684+00:00
250,CH01,,CH01,L,False,2022-01-31 20:43:56.215684+00:00
000,CN01,,CN01,L,False,2022-01-31 20:43:56.215684+00:00
001,CN01,,CN01,L,False,2022-01-31 20:43:56.215684+00:00
050,CN01,,CN01,L,False,2022-01-31 20:43:56.215684+00:00
100,CN01,,CN01,L,False,2022-01-31 20:43:56.215684+00:00
200,CN01,,CN01,L,False,2022-01-31 20:43:56.215684+00:00
250,CN01,,CN01,L,False,2022-01-31 20:43:56.215684+00:00
000,CO01,,CO01,L,False,2022-01-31 20:43:56.215684+00:00
001,CO01,,CO01,L,False,2022-01-31 20:43:56.215684+00:00
050,CO01,,CO01,L,False,2022-01-31 20:43:56.215684+00:00
100,CO01,,CO01,L,False,2022-01-31 20:43:56.215684+00:00
200,CO01,,CO01,L,False,2022-01-31 20:43:56.215684+00:00
250,CO01,,CO01,L,False,2022-01-31 20:43:56.215684+00:00
050,CRTX,,CRTX,L,False,2022-01-31 20:43:56.215684+00:00
200,EU01,,CYMB,L,False,2022-01-31 20:43:56.215684+00:00
200,USA1,,CYMB,L,False,2022-01-31 20:43:56.215684+00:00
250,EU01,,CYMB,L,False,2022-01-31 20:43:56.215684+00:00
250,USA1,,CYMB,L,False,2022-01-31 20:43:56.215684+00:00
000,CZ01,,CZ01,L,False,2022-01-31 20:43:56.215684+00:00
001,CZ01,,CZ01,L,False,2022-01-31 20:43:56.215684+00:00
050,CZ01,,CZ01,L,False,2022-01-31 20:43:56.215684+00:00
100,CZ01,,CZ01,L,False,2022-01-31 20:43:56.215684+00:00
200,CZ01,,CZ01,L,False,2022-01-31 20:43:56.215684+00:00
250,CZ01,,CZ01,L,False,2022-01-31 20:43:56.215684+00:00
000,DE01,,DE01,L,False,2022-01-31 20:43:56.215684+00:00
001,DE01,,DE01,L,False,2022-01-31 20:43:56.215684+00:00
050,DE01,,DE01,L,False,2022-01-31 20:43:56.215684+00:00
100,DE01,,DE01,L,False,2022-01-31 20:43:56.215684+00:00
200,DE01,,DE01,L,False,2022-01-31 20:43:56.215684+00:00
250,DE01,,DE01,L,False,2022-01-31 20:43:56.215684+00:00
000,DE02,,DE02,L,False,2022-01-31 20:43:56.215684+00:00
001,DE02,,DE02,L,False,2022-01-31 20:43:56.215684+00:00
050,DE02,,DE02,L,False,2022-01-31 20:43:56.215684+00:00
100,DE02,,DE02,L,False,2022-01-31 20:43:56.215684+00:00
200,DE02,,DE02,L,False,2022-01-31 20:43:56.215684+00:00
250,DE02,,DE02,L,False,2022-01-31 20:43:56.215684+00:00
000,ES01,,ES01,L,False,2022-01-31 20:43:56.215684+00:00
001,ES01,,ES01,L,False,2022-01-31 20:43:56.215684+00:00
050,ES01,,ES01,L,False,2022-01-31 20:43:56.215684+00:00
100,ES01,,ES01,L,False,2022-01-31 20:43:56.215684+00:00
200,ES01,,ES01,L,False,2022-01-31 20:43:56.215684+00:00
250,ES01,,ES01,L,False,2022-01-31 20:43:56.215684+00:00
000,FI01,,FI01,L,False,2022-01-31 20:43:56.215684+00:00
001,FI01,,FI01,L,False,2022-01-31 20:43:56.215684+00:00
050,FI01,,FI01,L,False,2022-01-31 20:43:56.215684+00:00
100,FI01,,FI01,L,False,2022-01-31 20:43:56.215684+00:00
200,FI01,,FI01,L,False,2022-01-31 20:43:56.215684+00:00
250,FI01,,FI01,L,False,2022-01-31 20:43:56.215684+00:00
000,FR01,,FR01,L,False,2022-01-31 20:43:56.215684+00:00
001,FR01,,FR01,L,False,2022-01-31 20:43:56.215684+00:00
050,FR01,,FR01,L,False,2022-01-31 20:43:56.215684+00:00
100,FR01,,FR01,L,False,2022-01-31 20:43:56.215684+00:00
200,FR01,,FR01,L,False,2022-01-31 20:43:56.215684+00:00
250,FR01,,FR01,L,False,2022-01-31 20:43:56.215684+00:00
000,HU01,,HU01,L,False,2022-01-31 20:43:56.215684+00:00
001,HU01,,HU01,L,False,2022-01-31 20:43:56.215684+00:00
050,HU01,,HU01,L,False,2022-01-31 20:43:56.215684+00:00
100,HU01,,HU01,L,False,2022-01-31 20:43:56.215684+00:00
200,HU01,,HU01,L,False,2022-01-31 20:43:56.215684+00:00
250,HU01,,HU01,L,False,2022-01-31 20:43:56.215684+00:00
000,IN01,,IN01,L,False,2022-01-31 20:43:56.215684+00:00
001,IN01,,IN01,L,False,2022-01-31 20:43:56.215684+00:00
050,IN01,,IN01,L,False,2022-01-31 20:43:56.215684+00:00
100,IN01,,IN01,L,False,2022-01-31 20:43:56.215684+00:00
200,IN01,,IN01,L,False,2022-01-31 20:43:56.215684+00:00
250,IN01,,IN01,L,False,2022-01-31 20:43:56.215684+00:00
000,JP01,,JP01,L,False,2022-01-31 20:43:56.215684+00:00
001,JP01,,JP01,L,False,2022-01-31 20:43:56.215684+00:00
050,JP01,,JP01,L,False,2022-01-31 20:43:56.215684+00:00
100,JP01,,JP01,L,False,2022-01-31 20:43:56.215684+00:00
200,JP01,,JP01,L,False,2022-01-31 20:43:56.215684+00:00
250,JP01,,JP01,L,False,2022-01-31 20:43:56.215684+00:00
000,KR01,,KR01,L,False,2022-01-31 20:43:56.215684+00:00
001,KR01,,KR01,L,False,2022-01-31 20:43:56.215684+00:00
050,KR01,,KR01,L,False,2022-01-31 20:43:56.215684+00:00
100,KR01,,KR01,L,False,2022-01-31 20:43:56.215684+00:00
200,KR01,,KR01,L,False,2022-01-31 20:43:56.215684+00:00
250,KR01,,KR01,L,False,2022-01-31 20:43:56.215684+00:00
000,KZ01,,KZ01,L,False,2022-01-31 20:43:56.215684+00:00
001,KZ01,,KZ01,L,False,2022-01-31 20:43:56.215684+00:00
050,KZ01,,KZ01,L,False,2022-01-31 20:43:56.215684+00:00
100,KZ01,,KZ01,L,False,2022-01-31 20:43:56.215684+00:00
200,KZ01,,KZ01,L,False,2022-01-31 20:43:56.215684+00:00
250,KZ01,,KZ01,L,False,2022-01-31 20:43:56.215684+00:00
000,NO01,,NO01,L,False,2022-01-31 20:43:56.215684+00:00
001,NO01,,NO01,L,False,2022-01-31 20:43:56.215684+00:00
050,NO01,,NO01,L,False,2022-01-31 20:43:56.215684+00:00
100,NO01,,NO01,L,False,2022-01-31 20:43:56.215684+00:00
200,NO01,,NO01,L,False,2022-01-31 20:43:56.215684+00:00
250,NO01,,NO01,L,False,2022-01-31 20:43:56.215684+00:00
000,PE01,,PE01,L,False,2022-01-31 20:43:56.215684+00:00
001,PE01,,PE01,L,False,2022-01-31 20:43:56.215684+00:00
050,PE01,,PE01,L,False,2022-01-31 20:43:56.215684+00:00
100,PE01,,PE01,L,False,2022-01-31 20:43:56.215684+00:00
200,PE01,,PE01,L,False,2022-01-31 20:43:56.215684+00:00
250,PE01,,PE01,L,False,2022-01-31 20:43:56.215684+00:00
000,PL01,,PL01,L,False,2022-01-31 20:43:56.215684+00:00
001,PL01,,PL01,L,False,2022-01-31 20:43:56.215684+00:00
050,PL01,,PL01,L,False,2022-01-31 20:43:56.215684+00:00
100,PL01,,PL01,L,False,2022-01-31 20:43:56.215684+00:00
200,PL01,,PL01,L,False,2022-01-31 20:43:56.215684+00:00
250,PL01,,PL01,L,False,2022-01-31 20:43:56.215684+00:00
000,PT01,,PT01,L,False,2022-01-31 20:43:56.215684+00:00
001,PT01,,PT01,L,False,2022-01-31 20:43:56.215684+00:00
050,PT01,,PT01,L,False,2022-01-31 20:43:56.215684+00:00
100,PT01,,PT01,L,False,2022-01-31 20:43:56.215684+00:00
200,PT01,,PT01,L,False,2022-01-31 20:43:56.215684+00:00
250,PT01,,PT01,L,False,2022-01-31 20:43:56.215684+00:00
000,RECO,,RECO,L,False,2022-01-31 20:43:56.215684+00:00
001,RECO,,RECO,L,False,2022-01-31 20:43:56.215684+00:00
050,RECO,,RECO,L,False,2022-01-31 20:43:56.215684+00:00
100,RECO,,RECO,L,False,2022-01-31 20:43:56.215684+00:00
200,RECO,,RECO,L,False,2022-01-31 20:43:56.215684+00:00
250,RECO,,RECO,L,False,2022-01-31 20:43:56.215684+00:00
000,REOB,,REOB,L,False,2022-01-31 20:43:56.215684+00:00
001,REOB,,REOB,L,False,2022-01-31 20:43:56.215684+00:00
050,REOB,,REOB,L,False,2022-01-31 20:43:56.215684+00:00
100,REOB,,REOB,L,False,2022-01-31 20:43:56.215684+00:00
200,REOB,,REOB,L,False,2022-01-31 20:43:56.215684+00:00
250,REOB,,REOB,L,False,2022-01-31 20:43:56.215684+00:00
000,RERF,,RERF,L,False,2022-01-31 20:43:56.215684+00:00
001,RERF,,RERF,L,False,2022-01-31 20:43:56.215684+00:00
050,RERF,,RERF,L,False,2022-01-31 20:43:56.215684+00:00
100,RERF,,RERF,L,False,2022-01-31 20:43:56.215684+00:00
200,RERF,,RERF,L,False,2022-01-31 20:43:56.215684+00:00
250,RERF,,RERF,L,False,2022-01-31 20:43:56.215684+00:00
000,RU01,,RU01,L,False,2022-01-31 20:43:56.215684+00:00
001,RU01,,RU01,L,False,2022-01-31 20:43:56.215684+00:00
050,RU01,,RU01,L,False,2022-01-31 20:43:56.215684+00:00
100,RU01,,RU01,L,False,2022-01-31 20:43:56.215684+00:00
200,RU01,,RU01,L,False,2022-01-31 20:43:56.215684+00:00
250,RU01,,RU01,L,False,2022-01-31 20:43:56.215684+00:00
000,SA01,,SA01,L,False,2022-01-31 20:43:56.215684+00:00
001,SA01,,SA01,L,False,2022-01-31 20:43:56.215684+00:00
000,SE01,,SE01,L,False,2022-01-31 20:43:56.215684+00:00
001,SE01,,SE01,L,False,2022-01-31 20:43:56.215684+00:00
050,SE01,,SE01,L,False,2022-01-31 20:43:56.215684+00:00
100,SE01,,SE01,L,False,2022-01-31 20:43:56.215684+00:00
200,SE01,,SE01,L,False,2022-01-31 20:43:56.215684+00:00
250,SE01,,SE01,L,False,2022-01-31 20:43:56.215684+00:00
000,SG01,,SG01,L,False,2022-01-31 20:43:56.215684+00:00
001,SG01,,SG01,L,False,2022-01-31 20:43:56.215684+00:00
050,SG01,,SG01,L,False,2022-01-31 20:43:56.215684+00:00
100,SG01,,SG01,L,False,2022-01-31 20:43:56.215684+00:00
200,SG01,,SG01,L,False,2022-01-31 20:43:56.215684+00:00
250,SG01,,SG01,L,False,2022-01-31 20:43:56.215684+00:00
000,SK01,,SK01,L,False,2022-01-31 20:43:56.215684+00:00
001,SK01,,SK01,L,False,2022-01-31 20:43:56.215684+00:00
050,SK01,,SK01,L,False,2022-01-31 20:43:56.215684+00:00
100,SK01,,SK01,L,False,2022-01-31 20:43:56.215684+00:00
200,SK01,,SK01,L,False,2022-01-31 20:43:56.215684+00:00
250,SK01,,SK01,L,False,2022-01-31 20:43:56.215684+00:00
000,TR01,,TR01,L,False,2022-01-31 20:43:56.215684+00:00
001,TR01,,TR01,L,False,2022-01-31 20:43:56.215684+00:00
050,TR01,,TR01,L,False,2022-01-31 20:43:56.215684+00:00
100,TR01,,TR01,L,False,2022-01-31 20:43:56.215684+00:00
200,TR01,,TR01,L,False,2022-01-31 20:43:56.215684+00:00
250,TR01,,TR01,L,False,2022-01-31 20:43:56.215684+00:00
000,TW01,,TW01,L,False,2022-01-31 20:43:56.215684+00:00
001,TW01,,TW01,L,False,2022-01-31 20:43:56.215684+00:00
050,TW01,,TW01,L,False,2022-01-31 20:43:56.215684+00:00
100,TW01,,TW01,L,False,2022-01-31 20:43:56.215684+00:00
200,TW01,,TW01,L,False,2022-01-31 20:43:56.215684+00:00
250,TW01,,TW01,L,False,2022-01-31 20:43:56.215684+00:00
000,UA01,,UA01,L,False,2022-01-31 20:43:56.215684+00:00
001,UA01,,UA01,L,False,2022-01-31 20:43:56.215684+00:00
050,UA01,,UA01,L,False,2022-01-31 20:43:56.215684+00:00
100,UA01,,UA01,L,False,2022-01-31 20:43:56.215684+00:00
200,UA01,,UA01,L,False,2022-01-31 20:43:56.215684+00:00
250,UA01,,UA01,L,False,2022-01-31 20:43:56.215684+00:00
000,US01,,US01,L,False,2022-01-31 20:43:56.215684+00:00
001,US01,,US01,L,False,2022-01-31 20:43:56.215684+00:00
050,US01,,US01,L,False,2022-01-31 20:43:56.215684+00:00
100,US01,,US01,L,False,2022-01-31 20:43:56.215684+00:00
200,US01,,US01,L,False,2022-01-31 20:43:56.215684+00:00
250,US01,,US01,L,False,2022-01-31 20:43:56.215684+00:00
